conclusion,status,created_at,run_number
,in_progress,2022-05-09T10:04:23Z,11012
failure,completed,2022-05-09T08:04:52Z,11011
failure,completed,2022-05-09T06:04:54Z,11010
failure,completed,2022-05-09T04:11:25Z,11009
failure,completed,2022-05-09T02:41:55Z,11008
failure,completed,2022-05-09T00:16:22Z,11007
failure,completed,2022-05-08T22:04:32Z,11006
failure,completed,2022-05-08T20:04:27Z,11005
failure,completed,2022-05-08T18:04:30Z,11004
failure,completed,2022-05-08T16:04:31Z,11003
failure,completed,2022-05-08T14:04:27Z,11002
failure,completed,2022-05-08T12:05:47Z,11001
failure,completed,2022-05-08T10:04:37Z,11000
failure,completed,2022-05-08T08:04:56Z,10999
failure,completed,2022-05-08T06:05:08Z,10998
failure,completed,2022-05-08T04:06:28Z,10997
failure,completed,2022-05-08T02:39:10Z,10996
failure,completed,2022-05-08T00:16:51Z,10995
failure,completed,2022-05-07T22:04:12Z,10994
failure,completed,2022-05-07T20:04:43Z,10993
failure,completed,2022-05-07T18:04:30Z,10992
failure,completed,2022-05-07T16:04:33Z,10991
failure,completed,2022-05-07T14:04:20Z,10990
failure,completed,2022-05-07T12:05:42Z,10989
failure,completed,2022-05-07T10:04:40Z,10988
failure,completed,2022-05-07T08:04:58Z,10987
failure,completed,2022-05-07T06:05:03Z,10986
failure,completed,2022-05-07T04:04:24Z,10985
failure,completed,2022-05-07T02:32:49Z,10984
failure,completed,2022-05-07T00:15:29Z,10983
failure,completed,2022-05-06T22:04:32Z,10982
failure,completed,2022-05-06T20:04:52Z,10981
failure,completed,2022-05-06T18:04:35Z,10980
failure,completed,2022-05-06T16:04:32Z,10979
failure,completed,2022-05-06T14:04:28Z,10978
failure,completed,2022-05-06T12:06:18Z,10977
failure,completed,2022-05-06T10:04:32Z,10976
failure,completed,2022-05-06T08:04:49Z,10975
failure,completed,2022-05-06T06:05:14Z,10974
failure,completed,2022-05-06T04:04:36Z,10973
failure,completed,2022-05-06T02:34:15Z,10972
failure,completed,2022-05-06T00:17:32Z,10971
failure,completed,2022-05-05T23:18:03Z,10970
failure,completed,2022-05-05T22:04:22Z,10969
failure,completed,2022-05-05T20:04:38Z,10968
failure,completed,2022-05-05T18:04:45Z,10967
failure,completed,2022-05-05T17:05:20Z,10966
failure,completed,2022-05-05T16:04:41Z,10965
failure,completed,2022-05-05T14:04:21Z,10964
failure,completed,2022-05-05T12:05:51Z,10963
failure,completed,2022-05-05T10:04:31Z,10962
failure,completed,2022-05-05T08:05:17Z,10961
failure,completed,2022-05-05T06:07:19Z,10960
failure,completed,2022-05-05T06:05:17Z,10959
failure,completed,2022-05-05T04:13:23Z,10958
failure,completed,2022-05-05T02:36:42Z,10957
failure,completed,2022-05-05T00:16:34Z,10956
failure,completed,2022-05-04T22:04:28Z,10955
failure,completed,2022-05-04T20:04:30Z,10954
failure,completed,2022-05-04T18:04:41Z,10953
failure,completed,2022-05-04T16:04:35Z,10952
failure,completed,2022-05-04T14:04:15Z,10951
failure,completed,2022-05-04T12:06:30Z,10950
failure,completed,2022-05-04T10:04:39Z,10949
failure,completed,2022-05-04T08:05:17Z,10948
failure,completed,2022-05-04T06:05:22Z,10947
failure,completed,2022-05-04T04:11:33Z,10946
failure,completed,2022-05-04T02:44:22Z,10945
failure,completed,2022-05-04T00:16:48Z,10944
failure,completed,2022-05-03T22:04:28Z,10943
failure,completed,2022-05-03T20:04:33Z,10942
failure,completed,2022-05-03T18:04:35Z,10941
failure,completed,2022-05-03T16:05:08Z,10940
failure,completed,2022-05-03T14:04:19Z,10939
failure,completed,2022-05-03T12:06:03Z,10938
failure,completed,2022-05-03T10:05:19Z,10937
failure,completed,2022-05-03T08:04:58Z,10936
failure,completed,2022-05-03T06:04:52Z,10935
failure,completed,2022-05-03T04:12:04Z,10934
failure,completed,2022-05-03T02:45:14Z,10933
failure,completed,2022-05-03T00:17:53Z,10932
failure,completed,2022-05-02T22:04:27Z,10931
failure,completed,2022-05-02T20:04:19Z,10930
failure,completed,2022-05-02T18:04:40Z,10929
failure,completed,2022-05-02T16:04:44Z,10928
failure,completed,2022-05-02T14:04:23Z,10927
failure,completed,2022-05-02T12:06:22Z,10926
failure,completed,2022-05-02T10:04:32Z,10925
failure,completed,2022-05-02T08:05:17Z,10924
failure,completed,2022-05-02T06:04:59Z,10923
failure,completed,2022-05-02T04:23:42Z,10922
failure,completed,2022-05-02T02:50:15Z,10921
failure,completed,2022-05-02T00:16:33Z,10920
failure,completed,2022-05-01T22:04:21Z,10919
failure,completed,2022-05-01T20:04:28Z,10918
failure,completed,2022-05-01T18:04:33Z,10917
failure,completed,2022-05-01T16:04:32Z,10916
failure,completed,2022-05-01T14:04:17Z,10915
failure,completed,2022-05-01T12:05:22Z,10914
failure,completed,2022-05-01T10:04:34Z,10913
failure,completed,2022-05-01T08:04:56Z,10912
failure,completed,2022-05-01T06:04:41Z,10911
failure,completed,2022-05-01T04:16:54Z,10910
failure,completed,2022-05-01T02:50:59Z,10909
failure,completed,2022-05-01T00:22:24Z,10908
failure,completed,2022-04-30T22:04:24Z,10907
failure,completed,2022-04-30T20:04:39Z,10906
failure,completed,2022-04-30T18:04:45Z,10905
failure,completed,2022-04-30T16:04:24Z,10904
failure,completed,2022-04-30T14:04:18Z,10903
failure,completed,2022-04-30T12:05:11Z,10902
failure,completed,2022-04-30T10:04:29Z,10901
failure,completed,2022-04-30T08:04:48Z,10900
failure,completed,2022-04-30T06:04:29Z,10899
failure,completed,2022-04-30T04:07:14Z,10898
success,completed,2022-04-30T02:41:42Z,10897
failure,completed,2022-04-30T00:19:52Z,10896
success,completed,2022-04-29T22:04:39Z,10895
failure,completed,2022-04-29T20:04:34Z,10894
failure,completed,2022-04-29T18:04:56Z,10893
success,completed,2022-04-29T16:04:38Z,10892
failure,completed,2022-04-29T14:04:22Z,10891
success,completed,2022-04-29T12:05:41Z,10890
failure,completed,2022-04-29T10:04:23Z,10889
success,completed,2022-04-29T08:04:40Z,10888
success,completed,2022-04-29T06:04:51Z,10887
success,completed,2022-04-29T04:11:31Z,10886
success,completed,2022-04-29T02:46:07Z,10885
success,completed,2022-04-29T00:16:47Z,10884
failure,completed,2022-04-28T22:04:24Z,10883
failure,completed,2022-04-28T20:04:36Z,10882
success,completed,2022-04-28T18:04:48Z,10881
failure,completed,2022-04-28T16:04:32Z,10880
failure,completed,2022-04-28T14:04:06Z,10879
success,completed,2022-04-28T12:05:56Z,10878
failure,completed,2022-04-28T10:04:26Z,10877
failure,completed,2022-04-28T08:04:45Z,10876
success,completed,2022-04-28T06:06:34Z,10875
failure,completed,2022-04-28T04:31:23Z,10874
success,completed,2022-04-28T02:58:31Z,10873
failure,completed,2022-04-28T00:20:35Z,10872
failure,completed,2022-04-27T22:04:15Z,10871
success,completed,2022-04-27T20:04:34Z,10870
success,completed,2022-04-27T18:04:46Z,10869
failure,completed,2022-04-27T16:04:28Z,10868
failure,completed,2022-04-27T14:04:24Z,10867
success,completed,2022-04-27T12:05:45Z,10866
failure,completed,2022-04-27T10:04:37Z,10865
success,completed,2022-04-27T08:04:50Z,10864
failure,completed,2022-04-27T06:04:46Z,10863
success,completed,2022-04-27T04:19:07Z,10862
success,completed,2022-04-27T02:48:07Z,10861
success,completed,2022-04-27T00:18:55Z,10860
failure,completed,2022-04-26T22:04:27Z,10859
success,completed,2022-04-26T20:04:36Z,10858
success,completed,2022-04-26T18:04:35Z,10857
failure,completed,2022-04-26T16:04:38Z,10856
success,completed,2022-04-26T14:04:28Z,10855
failure,completed,2022-04-26T12:05:57Z,10854
failure,completed,2022-04-26T10:04:31Z,10853
failure,completed,2022-04-26T08:04:54Z,10852
success,completed,2022-04-26T07:46:13Z,10851
failure,completed,2022-04-26T06:04:41Z,10850
failure,completed,2022-04-26T04:48:11Z,10849
success,completed,2022-04-26T04:10:58Z,10848
success,completed,2022-04-26T02:44:24Z,10847
failure,completed,2022-04-26T00:17:47Z,10846
success,completed,2022-04-25T22:04:29Z,10845
failure,completed,2022-04-25T20:04:29Z,10844
success,completed,2022-04-25T18:04:41Z,10843
success,completed,2022-04-25T16:04:37Z,10842
failure,completed,2022-04-25T14:04:26Z,10841
failure,completed,2022-04-25T12:05:48Z,10840
failure,completed,2022-04-25T10:04:30Z,10839
success,completed,2022-04-25T08:05:02Z,10838
failure,completed,2022-04-25T06:04:50Z,10837
success,completed,2022-04-25T04:08:02Z,10836
failure,completed,2022-04-25T02:39:19Z,10835
failure,completed,2022-04-25T00:15:04Z,10834
success,completed,2022-04-24T22:04:29Z,10833
failure,completed,2022-04-24T20:04:40Z,10832
failure,completed,2022-04-24T18:04:27Z,10831
failure,completed,2022-04-24T16:04:25Z,10830
failure,completed,2022-04-24T14:04:29Z,10829
failure,completed,2022-04-24T12:05:13Z,10828
success,completed,2022-04-24T10:04:20Z,10827
success,completed,2022-04-24T08:04:57Z,10826
failure,completed,2022-04-24T06:04:54Z,10825
failure,completed,2022-04-24T04:04:28Z,10824
failure,completed,2022-04-24T02:31:57Z,10823
success,completed,2022-04-24T00:16:23Z,10822
success,completed,2022-04-23T22:04:29Z,10821
success,completed,2022-04-23T20:04:36Z,10820
failure,completed,2022-04-23T18:04:35Z,10819
failure,completed,2022-04-23T16:04:37Z,10818
failure,completed,2022-04-23T14:04:32Z,10817
failure,completed,2022-04-23T12:05:35Z,10816
success,completed,2022-04-23T10:04:40Z,10815
failure,completed,2022-04-23T08:04:38Z,10814
failure,completed,2022-04-23T06:04:35Z,10813
success,completed,2022-04-23T04:04:29Z,10812
failure,completed,2022-04-23T02:33:19Z,10811
failure,completed,2022-04-23T00:15:13Z,10810
failure,completed,2022-04-22T22:04:32Z,10809
failure,completed,2022-04-22T20:04:34Z,10808
failure,completed,2022-04-22T18:04:35Z,10807
failure,completed,2022-04-22T16:04:39Z,10806
success,completed,2022-04-22T14:04:31Z,10805
success,completed,2022-04-22T12:05:30Z,10804
failure,completed,2022-04-22T10:04:50Z,10803
success,completed,2022-04-22T08:05:09Z,10802
success,completed,2022-04-22T06:04:46Z,10801
failure,completed,2022-04-22T04:20:12Z,10800
success,completed,2022-04-22T02:50:11Z,10799
failure,completed,2022-04-22T00:19:34Z,10798
failure,completed,2022-04-21T22:04:26Z,10797
failure,completed,2022-04-21T20:05:11Z,10796
success,completed,2022-04-21T18:04:48Z,10795
failure,completed,2022-04-21T16:04:33Z,10794
failure,completed,2022-04-21T14:04:30Z,10793
failure,completed,2022-04-21T12:05:40Z,10792
failure,completed,2022-04-21T10:04:34Z,10791
failure,completed,2022-04-21T08:05:02Z,10790
failure,completed,2022-04-21T06:04:36Z,10789
success,completed,2022-04-21T04:18:12Z,10788
failure,completed,2022-04-21T02:42:55Z,10787
failure,completed,2022-04-21T00:18:34Z,10786
failure,completed,2022-04-20T22:04:21Z,10785
failure,completed,2022-04-20T20:04:45Z,10784
failure,completed,2022-04-20T18:04:25Z,10783
failure,completed,2022-04-20T16:04:38Z,10782
failure,completed,2022-04-20T14:04:46Z,10781
failure,completed,2022-04-20T13:30:39Z,10780
failure,completed,2022-04-20T12:05:55Z,10779
success,completed,2022-04-20T10:04:37Z,10778
failure,completed,2022-04-20T08:05:09Z,10777
success,completed,2022-04-20T06:04:42Z,10776
failure,completed,2022-04-20T04:20:34Z,10775
success,completed,2022-04-20T02:47:30Z,10774
failure,completed,2022-04-20T00:17:00Z,10773
success,completed,2022-04-19T22:04:29Z,10772
success,completed,2022-04-19T20:04:31Z,10771
failure,completed,2022-04-19T18:04:34Z,10770
failure,completed,2022-04-19T16:04:40Z,10769
failure,completed,2022-04-19T14:04:32Z,10768
failure,completed,2022-04-19T12:05:37Z,10767
failure,completed,2022-04-19T10:04:37Z,10766
failure,completed,2022-04-19T08:04:58Z,10765
failure,completed,2022-04-19T06:04:43Z,10764
failure,completed,2022-04-19T04:12:59Z,10763
success,completed,2022-04-19T02:42:28Z,10762
failure,completed,2022-04-19T00:14:22Z,10761
success,completed,2022-04-18T22:04:13Z,10760
success,completed,2022-04-18T20:04:28Z,10759
failure,completed,2022-04-18T18:04:37Z,10758
failure,completed,2022-04-18T16:04:30Z,10757
success,completed,2022-04-18T14:04:18Z,10756
success,completed,2022-04-18T12:05:54Z,10755
success,completed,2022-04-18T10:04:49Z,10754
failure,completed,2022-04-18T08:04:42Z,10753
success,completed,2022-04-18T06:04:48Z,10752
success,completed,2022-04-18T04:07:22Z,10751
failure,completed,2022-04-18T02:41:20Z,10750
success,completed,2022-04-18T00:18:42Z,10749
failure,completed,2022-04-17T22:04:19Z,10748
failure,completed,2022-04-17T20:04:27Z,10747
failure,completed,2022-04-17T18:04:31Z,10746
failure,completed,2022-04-17T16:04:28Z,10745
success,completed,2022-04-17T14:04:30Z,10744
failure,completed,2022-04-17T12:05:06Z,10743
failure,completed,2022-04-17T10:04:33Z,10742
failure,completed,2022-04-17T08:04:46Z,10741
failure,completed,2022-04-17T06:04:29Z,10740
failure,completed,2022-04-17T04:04:26Z,10739
success,completed,2022-04-17T02:32:31Z,10738
success,completed,2022-04-17T00:17:37Z,10737
failure,completed,2022-04-16T22:04:23Z,10736
failure,completed,2022-04-16T20:04:28Z,10735
failure,completed,2022-04-16T18:04:34Z,10734
success,completed,2022-04-16T16:04:31Z,10733
failure,completed,2022-04-16T14:04:29Z,10732
failure,completed,2022-04-16T12:05:25Z,10731
failure,completed,2022-04-16T10:04:43Z,10730
success,completed,2022-04-16T08:04:58Z,10729
failure,completed,2022-04-16T06:04:33Z,10728
failure,completed,2022-04-16T04:04:33Z,10727
success,completed,2022-04-16T02:30:52Z,10726
failure,completed,2022-04-16T00:15:57Z,10725
success,completed,2022-04-15T22:04:35Z,10724
success,completed,2022-04-15T20:04:29Z,10723
failure,completed,2022-04-15T18:04:45Z,10722
failure,completed,2022-04-15T16:04:37Z,10721
failure,completed,2022-04-15T14:04:28Z,10720
failure,completed,2022-04-15T12:05:28Z,10719
failure,completed,2022-04-15T10:04:24Z,10718
success,completed,2022-04-15T08:04:48Z,10717
failure,completed,2022-04-15T06:04:36Z,10716
success,completed,2022-04-15T04:16:36Z,10715
failure,completed,2022-04-15T02:42:04Z,10714
success,completed,2022-04-15T00:14:44Z,10713
failure,completed,2022-04-14T22:05:43Z,10712
success,completed,2022-04-14T20:04:44Z,10711
failure,completed,2022-04-14T18:04:31Z,10710
failure,completed,2022-04-14T16:04:36Z,10709
failure,completed,2022-04-14T14:04:19Z,10708
failure,completed,2022-04-14T12:05:36Z,10707
success,completed,2022-04-14T10:04:34Z,10706
success,completed,2022-04-14T08:04:46Z,10705
failure,completed,2022-04-14T06:05:07Z,10704
success,completed,2022-04-14T04:04:27Z,10703
success,completed,2022-04-14T02:34:45Z,10702
success,completed,2022-04-14T00:18:47Z,10701
success,completed,2022-04-13T22:04:32Z,10700
failure,completed,2022-04-13T20:04:35Z,10699
success,completed,2022-04-13T18:04:55Z,10698
success,completed,2022-04-13T16:04:33Z,10697
success,completed,2022-04-13T14:04:41Z,10696
failure,completed,2022-04-13T12:05:37Z,10695
failure,completed,2022-04-13T10:04:38Z,10694
failure,completed,2022-04-13T08:05:15Z,10693
failure,completed,2022-04-13T06:04:41Z,10692
failure,completed,2022-04-13T04:04:51Z,10691
success,completed,2022-04-13T02:34:33Z,10690
failure,completed,2022-04-13T00:17:40Z,10689
failure,completed,2022-04-12T22:04:30Z,10688
success,completed,2022-04-12T20:04:33Z,10687
success,completed,2022-04-12T18:04:37Z,10686
failure,completed,2022-04-12T16:04:30Z,10685
success,completed,2022-04-12T14:04:22Z,10684
success,completed,2022-04-12T12:05:27Z,10683
failure,completed,2022-04-12T10:04:45Z,10682
failure,completed,2022-04-12T08:04:49Z,10681
failure,completed,2022-04-12T06:04:45Z,10680
failure,completed,2022-04-12T04:04:33Z,10679
failure,completed,2022-04-12T02:33:39Z,10678
failure,completed,2022-04-12T00:15:43Z,10677
success,completed,2022-04-11T22:04:13Z,10676
failure,completed,2022-04-11T20:04:34Z,10675
failure,completed,2022-04-11T18:05:07Z,10674
failure,completed,2022-04-11T16:04:44Z,10673
failure,completed,2022-04-11T14:04:27Z,10672
failure,completed,2022-04-11T12:06:03Z,10671
success,completed,2022-04-11T10:04:48Z,10670
success,completed,2022-04-11T08:04:42Z,10669
failure,completed,2022-04-11T06:04:53Z,10668
success,completed,2022-04-11T04:04:53Z,10667
success,completed,2022-04-11T02:35:12Z,10666
failure,completed,2022-04-11T00:15:25Z,10665
success,completed,2022-04-10T22:04:32Z,10664
failure,completed,2022-04-10T20:04:25Z,10663
success,completed,2022-04-10T18:04:51Z,10662
success,completed,2022-04-10T16:04:33Z,10661
failure,completed,2022-04-10T14:04:21Z,10660
success,completed,2022-04-10T12:05:01Z,10659
failure,completed,2022-04-10T10:04:24Z,10658
failure,completed,2022-04-10T08:33:22Z,10657
failure,completed,2022-04-10T08:04:35Z,10656
failure,completed,2022-04-10T06:04:47Z,10655
success,completed,2022-04-10T04:04:25Z,10654
failure,completed,2022-04-10T02:32:28Z,10653
success,completed,2022-04-10T00:15:47Z,10652
failure,completed,2022-04-09T22:04:31Z,10651
failure,completed,2022-04-09T20:04:43Z,10650
success,completed,2022-04-09T18:04:41Z,10649
success,completed,2022-04-09T16:04:35Z,10648
failure,completed,2022-04-09T14:04:29Z,10647
failure,completed,2022-04-09T12:04:53Z,10646
success,completed,2022-04-09T10:04:35Z,10645
failure,completed,2022-04-09T08:04:36Z,10644
failure,completed,2022-04-09T06:04:34Z,10643
failure,completed,2022-04-09T04:04:30Z,10642
failure,completed,2022-04-09T02:29:29Z,10641
failure,completed,2022-04-09T00:16:14Z,10640